,Indicator,Hockey,Quadratic,VaR,CVaR
10000000,0.1,2.388152668217529,8512.833707453728,63.53829874123613,87.41984930496203
