,Indicator,Hockey,Quadratic,VaR,CVaR
10000000,0.1,4.620131591590474,49616.24894543779,165.01527863702808,211.21664075429484
