,Indicator,Hockey,Quadratic,VaR,CVaR
10000000,0.1,0.6176238876039081,155.34437655398932,10.170110511092915,16.346355563377045
