,Indicator,Hockey,Quadratic,VaR,CVaR
10000000,0.1,6.3306030641039115,54542.17337898522,173.25003118232735,236.55612512946036
