,Indicator,Hockey,Quadratic,VaR,CVaR
20000000,0.05,0.020327311017418068,0.2213250255222057,0.3608709087693183,0.767417535664307
